{
  "timestamp": "2025-03-19 01:50:18",
  "standard_api": {
    "api_type": "Standard API",
    "iterations": 3,
    "mean": 1.1642510890960693,
    "median": 1.1931366920471191,
    "min": 0.9645674228668213,
    "max": 1.3350491523742676,
    "std_dev": 0.18692234087473714
  },
  "responses_api": {
    "api_type": "Responses API",
    "iterations": 3,
    "mean": 4.344159444173177,
    "median": 4.194859504699707,
    "min": 4.095119476318359,
    "max": 4.742499351501465,
    "std_dev": 0.3485585024685378
  }
}