{
  "timestamp": "2025-03-19 01:29:43",
  "standard_api": {
    "api_type": "Standard API",
    "iterations": 3,
    "mean": 1.1633830865224202,
    "median": 1.2125661373138428,
    "min": 0.9866213798522949,
    "max": 1.290961742401123,
    "std_dev": 0.15801896542172325
  },
  "responses_api": {
    "api_type": "Responses API",
    "iterations": 3,
    "mean": 4.027497371037801,
    "median": 4.041396141052246,
    "min": 3.7672934532165527,
    "max": 4.2738025188446045,
    "std_dev": 0.2535404114668633
  }
}